"Longitude (x)","Latitude (y)","Station Name","Climate ID","Date/Time","Year","Month","Mean Max Temp (°C)","Mean Max Temp Flag","Mean Min Temp (°C)","Mean Min Temp Flag","Mean Temp (°C)","Mean Temp Flag","Extr Max Temp (°C)","Extr Max Temp Flag","Extr Min Temp (°C)","Extr Min Temp Flag","Total Rain (mm)","Total Rain Flag","Total Snow (cm)","Total Snow Flag","Total Precip (mm)","Total Precip Flag","Snow Grnd Last Day (cm)","Snow Grnd Last Day Flag","Dir of Max Gust (10's deg)","Dir of Max Gust Flag","Spd of Max Gust (km/h)","Spd of Max Gust Flag"
"-118.77","49.00","MIDWAY","1135126","1987-01","1987","01","","","","","","","","","","","","M","","M","","M","","M","","","",""
"-118.77","49.00","MIDWAY","1135126","1987-02","1987","02","","","","","","","","","","","","M","","M","","M","","M","","","",""
"-118.77","49.00","MIDWAY","1135126","1987-03","1987","03","","","","","","","","","","","","M","","M","","M","","M","","","",""
"-118.77","49.00","MIDWAY","1135126","1987-04","1987","04","","","","","","","","","","","","M","","M","","M","","M","","","",""
"-118.77","49.00","MIDWAY","1135126","1987-05","1987","05","","","","","","","","","","","","M","","M","","M","","M","","","",""
"-118.77","49.00","MIDWAY","1135126","1987-06","1987","06","","","","","","","","","","","","M","0.0","","","M","0","","","","",""
"-118.77","49.00","MIDWAY","1135126","1987-07","1987","07","","","","","","","","","","","44.9","","0.0","","44.9","","0","","","","",""
"-118.77","49.00","MIDWAY","1135126","1987-08","1987","08","","","","","","","","","","","15.0","","0.0","","15.0","","0","","","","",""
"-118.77","49.00","MIDWAY","1135126","1987-09","1987","09","","","","","","","","","","","10.1","","0.0","","10.1","","0","","","","",""
"-118.77","49.00","MIDWAY","1135126","1987-10","1987","10","","","","","","","","","","","6.0","","0.0","","6.0","","0","","","","",""
"-118.77","49.00","MIDWAY","1135126","1987-11","1987","11","","","","","","","","","","","17.2","E","2.6","E","19.8","E","0","","","","",""
"-118.77","49.00","MIDWAY","1135126","1987-12","1987","12","","","","","","","","","","","23.0","E","38.8","E","61.8","E","","M","","","",""
"-118.77","49.00","MIDWAY","1135126","1988-01","1988","01","","M","","M","","M","","M","","M","0.0","T","15.0","","15.0","","","M","","","",""
"-118.77","49.00","MIDWAY","1135126","1988-02","1988","02","","M","","M","","M","","M","","M","0.0","","7.5","","7.5","","","M","","","",""
"-118.77","49.00","MIDWAY","1135126","1988-03","1988","03","","M","","M","","M","","M","","M","18.2","E","2.0","E","20.2","E","0","","","","",""
"-118.77","49.00","MIDWAY","1135126","1988-04","1988","04","","M","","M","","M","","M","","M","43.6","","0.0","T","43.6","","0","","","","",""
"-118.77","49.00","MIDWAY","1135126","1988-05","1988","05","","M","","M","","M","","M","","M","34.6","","0.0","","34.6","","0","","","","",""
"-118.77","49.00","MIDWAY","1135126","1988-06","1988","06","","M","","M","","M","","M","","M","45.2","","0.0","","45.2","","0","","","","",""
"-118.77","49.00","MIDWAY","1135126","1988-07","1988","07","28.3","","9.0","","18.7","","36.0","","6.0","S","18.8","","0.0","","18.8","","0","","","","",""
"-118.77","49.00","MIDWAY","1135126","1988-08","1988","08","28.9","","8.1","","18.5","","36.5","","3.0","","5.8","","0.0","","5.8","","0","","","","",""
"-118.77","49.00","MIDWAY","1135126","1988-09","1988","09","22.8","","4.8","","13.8","","36.5","","-1.0","S","23.1","E","0.0","","23.1","E","0","","","","",""
"-118.77","49.00","MIDWAY","1135126","1988-10","1988","10","16.5","","1.6","","9.1","","25.5","","-8.0","S","9.2","","0.0","T","9.2","","0","","","","",""
"-118.77","49.00","MIDWAY","1135126","1988-11","1988","11","4.4","","-2.1","","1.2","","10.0","S","-8.0","","28.8","E","9.1","E","37.9","E","","M","","","",""
"-118.77","49.00","MIDWAY","1135126","1988-12","1988","12","-2.4","","-9.0","","-5.7","","5.0","","-23.0","","0.0","T","36.0","","36.0","","","M","","","",""
"-118.77","49.00","MIDWAY","1135126","1989-01","1989","01","-2.3","","-11.7","","-7.0","","11.5","","-24.0","","0.0","T","15.0","","15.0","","","M","","","",""
"-118.77","49.00","MIDWAY","1135126","1989-02","1989","02","-1.7","","-13.4","","-7.6","","6.0","S","-28.0","","8.4","","26.0","E","34.4","E","","M","","","",""
"-118.77","49.00","MIDWAY","1135126","1989-03","1989","03","8.2","","-3.4","","2.4","","14.0","","-20.0","","31.2","E","3.5","E","34.7","E","0","","","","",""
"-118.77","49.00","MIDWAY","1135126","1989-04","1989","04","17.7","","0.5","","9.1","","25.0","S","-5.5","","33.6","E","2.8","E","36.4","E","0","","","","",""
"-118.77","49.00","MIDWAY","1135126","1989-05","1989","05","20.0","","4.2","","12.1","","28.0","","-1.5","","55.6","","0.0","","55.6","","0","","","","",""
"-118.77","49.00","MIDWAY","1135126","1989-06","1989","06","25.5","","8.4","","17.0","","31.5","","3.0","","33.4","","0.0","","33.4","","0","","","","",""
"-118.77","49.00","MIDWAY","1135126","1989-07","1989","07","29.2","","9.5","","19.4","","34.0","S","5.0","S","24.4","","0.0","","24.4","","0","","","","",""
"-118.77","49.00","MIDWAY","1135126","1989-08","1989","08","25.4","","9.5","","17.5","","34.0","","5.0","","88.0","","0.0","","88.0","","0","","","","",""
"-118.77","49.00","MIDWAY","1135126","1989-09","1989","09","23.8","","3.3","","13.6","","29.5","","-0.5","","12.0","","0.0","","12.0","","0","","","","",""
"-118.77","49.00","MIDWAY","1135126","1989-10","1989","10","13.6","","0.4","","7.0","","23.0","","-7.0","","30.6","","0.0","T","30.6","","0","","","","",""
"-118.77","49.00","MIDWAY","1135126","1989-11","1989","11","4.8","","-2.5","","1.2","","12.5","","-9.0","","25.4","E","9.1","E","34.5","E","","M","","","",""
"-118.77","49.00","MIDWAY","1135126","1989-12","1989","12","1.5","","-3.4","","-1.0","","7.0","","-10.0","","11.4","","3.0","","14.4","","","M","","","",""
"-118.77","49.00","MIDWAY","1135126","1990-01","1990","01","1.7","","-5.0","","-1.7","","7.0","S","-11.0","S","12.0","E","22.6","E","34.6","E","","M","","","",""
"-118.77","49.00","MIDWAY","1135126","1990-02","1990","02","2.6","","-7.9","","-2.7","","11.5","","-20.0","","4.6","E","8.5","E","13.1","E","","M","","","",""
"-118.77","49.00","MIDWAY","1135126","1990-03","1990","03","12.1","","-2.4","","4.9","","21.0","","-9.0","","27.6","E","2.0","E","29.6","E","0","","","","",""
"-118.77","49.00","MIDWAY","1135126","1990-04","1990","04","17.6","","1.8","","9.7","","23.5","","-3.0","S","57.0","E","0.8","E","57.8","E","0","","","","",""
"-118.77","49.00","MIDWAY","1135126","1990-05","1990","05","17.3","","5.9","","11.6","","28.0","S","-1.5","","151.8","","0.0","","151.8","","0","","","","",""
"-118.77","49.00","MIDWAY","1135126","1990-06","1990","06","22.5","","8.0","","15.3","","30.0","S","2.0","","79.6","E","0.0","","79.6","E","0","","","","",""
"-118.77","49.00","MIDWAY","1135126","1990-07","1990","07","29.0","","11.3","","20.2","","36.0","","7.0","S","73.7","","0.0","","73.7","","0","","","","",""
"-118.77","49.00","MIDWAY","1135126","1990-08","1990","08","28.3","","10.2","","19.3","","35.0","","5.0","","48.4","","0.0","","48.4","","0","","","","",""
"-118.77","49.00","MIDWAY","1135126","1990-09","1990","09","26.7","","4.9","","15.8","","31.0","S","0.0","","0.0","T","0.0","","0.0","T","0","","","","",""
"-118.77","49.00","MIDWAY","1135126","1990-10","1990","10","12.5","","-0.3","","6.1","","21.5","","-7.0","S","19.1","E","0.4","E","19.5","E","0","","","","",""
"-118.77","49.00","MIDWAY","1135126","1990-11","1990","11","7.0","","-2.5","","2.3","","16.0","","-9.0","S","0.0","","18.4","E","18.4","E","","M","","","",""
"-118.77","49.00","MIDWAY","1135126","1990-12","1990","12","-5.2","E","-11.3","","-8.3","E","6.0","","-32.0","","3.2","","25.0","","28.2","","","M","","","",""
"-118.77","49.00","MIDWAY","1135126","1991-01","1991","01","-3.8","","-11.1","","-7.5","","4.0","","-21.0","S","2.0","","46.0","","48.0","","","","","","",""
"-118.77","49.00","MIDWAY","1135126","1991-02","1991","02","7.9","E","-2.0","","3.0","E","15.0","","-7.0","S","22.9","E","18.5","E","41.4","E","","","","","",""
"-118.77","49.00","MIDWAY","1135126","1991-03","1991","03","8.8","","-3.5","","2.7","","21.5","","-10.5","","17.6","E","16.0","E","33.6","E","","","","","",""
"-118.77","49.00","MIDWAY","1135126","1991-04","1991","04","16.1","E","-0.6","","7.8","E","25.5","","-5.0","S","28.8","","0.0","T","28.8","","0","","","","",""
"-118.77","49.00","MIDWAY","1135126","1991-05","1991","05","18.5","","4.7","","11.6","","26.0","","-1.0","S","86.4","","0.0","","86.4","","0","","","","",""
"-118.77","49.00","MIDWAY","1135126","1991-06","1991","06","21.6","","7.1","","14.4","","27.5","","-0.5","","74.3","E","0.0","","74.3","E","0","","","","",""
"-118.77","49.00","MIDWAY","1135126","1991-07","1991","07","28.3","","9.2","","18.8","","34.0","S","5.0","","50.1","E","0.0","","50.1","E","0","","","","",""
"-118.77","49.00","MIDWAY","1135126","1991-08","1991","08","28.4","","10.4","","19.4","","35.0","","4.5","","31.2","","0.0","","31.2","","0","","","","",""
"-118.77","49.00","MIDWAY","1135126","1991-09","1991","09","26.1","","4.4","","15.3","","31.5","S","-3.0","","1.2","","0.0","","1.2","","0","","","","",""
"-118.77","49.00","MIDWAY","1135126","1991-10","1991","10","15.0","","-2.6","","6.2","","25.5","","-15.0","","2.0","","1.0","","3.0","","","M","","","",""
"-118.77","49.00","MIDWAY","1135126","1991-11","1991","11","3.6","","-2.1","","0.8","","9.0","","-15.5","","23.8","","23.0","","46.8","","","","","","",""
"-118.77","49.00","MIDWAY","1135126","1991-12","1991","12","0.3","","-4.9","","-2.3","","6.5","","-14.0","","2.6","","15.0","E","17.6","E","","","","","",""
"-118.77","49.00","MIDWAY","1135126","1992-01","1992","01","1.3","","-4.9","","-1.8","","8.5","S","-16.0","","8.6","","28.5","","37.1","","","M","","","",""
"-118.77","49.00","MIDWAY","1135126","1992-02","1992","02","5.5","","-1.0","","2.3","","11.5","","-8.0","","14.1","","8.5","","22.6","","","M","","","",""
"-118.77","49.00","MIDWAY","1135126","1992-03","1992","03","15.6","","-1.8","","6.9","","22.5","","-7.0","","17.3","","0.0","","17.3","","0","","","","",""
"-118.77","49.00","MIDWAY","1135126","1992-04","1992","04","16.7","","2.2","E","9.5","E","26.0","","-7.0","E","48.2","","1.0","","49.2","","0","","","","",""
"-118.77","49.00","MIDWAY","1135126","1992-05","1992","05","23.5","","3.9","","13.7","","33.0","","-3.0","","15.9","","0.0","","15.9","","0","","","","",""
"-118.77","49.00","MIDWAY","1135126","1992-06","1992","06","27.7","","9.5","","18.6","","36.0","","2.0","","81.2","","0.0","","81.2","","0","","","","",""
"-118.77","49.00","MIDWAY","1135126","1992-07","1992","07","26.3","","10.6","","18.5","","34.5","","7.0","S","138.0","","0.0","","138.0","","0","","","","",""
"-118.77","49.00","MIDWAY","1135126","1992-08","1992","08","28.0","","8.1","","18.0","","35.5","S","0.5","","26.2","","0.0","","26.2","","0","","","","",""
"-118.77","49.00","MIDWAY","1135126","1992-09","1992","09","21.1","","2.8","","12.0","","28.5","S","-3.0","S","14.2","","0.0","","14.2","","0","","","","",""
"-118.77","49.00","MIDWAY","1135126","1992-10","1992","10","15.0","","0.2","","7.6","","28.0","","-8.0","","21.8","","0.0","T","21.8","","0","","","","",""
"-118.77","49.00","MIDWAY","1135126","1992-11","1992","11","3.5","","-2.0","","0.8","","13.5","","-10.5","S","64.8","","18.0","","82.8","","","M","","","",""
"-118.77","49.00","MIDWAY","1135126","1992-12","1992","12","-5.4","","-12.8","","-9.1","","0.5","S","-22.0","","0.0","","49.0","","49.0","","","","","","",""
"-118.77","49.00","MIDWAY","1135126","1993-01","1993","01","-4.7","","-13.6","","-9.2","","5.0","","-32.0","","6.9","","27.5","","34.4","","","","","","",""
"-118.77","49.00","MIDWAY","1135126","1993-02","1993","02","0.7","","-9.5","","-4.4","","8.5","","-23.0","","0.0","","28.0","","28.0","","","","","","",""
"-118.77","49.00","MIDWAY","1135126","1993-03","1993","03","8.8","","-2.6","","3.1","","15.0","","-12.5","","6.5","E","12.0","E","18.5","E","","","","","",""
"-118.77","49.00","MIDWAY","1135126","1993-04","1993","04","13.0","","2.0","","7.5","","18.5","","-4.5","","86.0","","0.0","","86.0","","0","","","","",""
"-118.77","49.00","MIDWAY","1135126","1993-05","1993","05","23.6","","6.3","","15.0","","34.5","","1.0","S","46.6","","0.0","","46.6","","0","","","","",""
"-118.77","49.00","MIDWAY","1135126","1993-06","1993","06","22.3","","8.3","","15.3","","31.5","","3.0","","92.8","","0.0","","92.8","","0","","","","",""
"-118.77","49.00","MIDWAY","1135126","1993-07","1993","07","22.3","","9.5","","15.9","","30.0","","5.5","S","112.4","","0.0","","112.4","","0","","","","",""
"-118.77","49.00","MIDWAY","1135126","1993-08","1993","08","25.9","","7.9","","16.9","","31.5","","2.0","","30.0","","0.0","","30.0","","0","","","","",""
"-118.77","49.00","MIDWAY","1135126","1993-09","1993","09","24.0","E","3.7","E","13.9","E","31.5","B","-1.5","E","14.6","","0.0","","14.6","","0","","","","",""
"-118.77","49.00","MIDWAY","1135126","1993-10","1993","10","16.5","","0.9","","8.7","","26.5","S","-5.0","S","16.4","","0.0","","16.4","","0","","","","",""
"-118.77","49.00","MIDWAY","1135126","1993-11","1993","11","2.6","","-8.3","","-2.9","","10.0","","-22.0","S","3.8","","12.0","","15.8","","","","","","",""
"-118.77","49.00","MIDWAY","1135126","1993-12","1993","12","-0.3","E","-5.4","","-2.9","E","8.0","","-14.0","","4.2","","50.0","E","54.2","E","","","","","",""
"-118.77","49.00","MIDWAY","1135126","1994-01","1994","01","2.2","","-3.4","","-0.6","","5.5","","-11.0","","4.2","","14.0","","18.2","","","M","","","",""
"-118.77","49.00","MIDWAY","1135126","1994-02","1994","02","1.5","","-6.9","","-2.7","","7.5","","-20.5","","25.2","","24.2","","49.4","","","M","","","",""
"-118.77","49.00","MIDWAY","1135126","1994-03","1994","03","13.6","","-3.2","","5.2","","25.0","","-10.0","","7.2","","1.8","","9.0","","0","","","","",""
"-118.77","49.00","MIDWAY","1135126","1994-04","1994","04","16.8","","3.2","","10.0","","26.0","","-3.5","","64.8","","0.0","","64.8","","0","","","","",""
"-118.77","49.00","MIDWAY","1135126","1994-05","1994","05","21.2","","5.3","","13.2","","31.0","","0.0","","59.2","","0.0","","59.2","","0","","","","",""
"-118.77","49.00","MIDWAY","1135126","1994-06","1994","06","22.9","","7.0","","15.0","","33.0","","2.0","S","72.3","","0.0","","72.3","","0","","","","",""
"-118.77","49.00","MIDWAY","1135126","1994-07","1994","07","31.4","","9.3","","20.3","","39.0","S","4.5","","4.8","","0.0","","4.8","","0","","","","",""
"-118.77","49.00","MIDWAY","1135126","1994-08","1994","08","29.6","","8.4","","19.0","","37.0","","4.0","","34.6","","0.0","","34.6","","0","","","","",""
"-118.77","49.00","MIDWAY","1135126","1994-09","1994","09","25.2","","5.4","","15.3","","30.0","","1.5","S","25.4","","0.0","","25.4","","0","","","","",""
"-118.77","49.00","MIDWAY","1135126","1994-10","1994","10","13.3","","0.5","","6.9","","20.0","","-5.5","S","27.4","","1.0","","28.4","","0","","","","",""
"-118.77","49.00","MIDWAY","1135126","1994-11","1994","11","1.2","","-4.9","","-1.9","","8.0","","-13.0","","9.2","","40.5","","49.7","","","M","","","",""
"-118.77","49.00","MIDWAY","1135126","1994-12","1994","12","-1.0","","-6.4","","-3.7","","4.0","S","-22.0","","","","","","","","","","","","",""
"-118.77","49.00","MIDWAY","1135126","1995-01","1995","01","-0.9","","-6.5","","-3.7","","5.0","S","-20.0","","23.6","","31.7","","55.3","","","","","","",""
"-118.77","49.00","MIDWAY","1135126","1995-02","1995","02","5.7","","-3.8","","1.0","","14.0","","-17.0","","15.6","","2.0","","17.6","","","","","","",""
"-118.77","49.00","MIDWAY","1135126","1995-03","1995","03","9.7","","-3.1","","3.3","","20.0","","-12.0","S","57.4","","3.6","","61.0","","0","","","","",""
"-118.77","49.00","MIDWAY","1135126","1995-04","1995","04","14.9","","-0.7","","7.1","","21.5","","-6.0","","32.2","","0.4","","32.6","","0","","","","",""
"-118.77","49.00","MIDWAY","1135126","1995-05","1995","05","22.5","","4.3","","13.4","","31.5","","-2.0","","37.3","","0.0","","37.3","","0","","","","",""
"-118.77","49.00","MIDWAY","1135126","1995-06","1995","06","23.7","","7.8","","15.8","","31.5","S","2.0","","68.6","","0.0","","68.6","","0","","","","",""
"-118.77","49.00","MIDWAY","1135126","1995-07","1995","07","27.8","","9.8","","18.9","","34.0","","6.0","S","26.2","","0.0","","26.2","","0","","","","",""
"-118.77","49.00","MIDWAY","1135126","1995-08","1995","08","24.6","","6.7","","15.6","","33.5","","2.5","","45.2","","0.0","","45.2","","0","","","","",""
"-118.77","49.00","MIDWAY","1135126","1995-09","1995","09","26.1","","5.6","","15.9","","34.5","","-2.0","","42.8","","0.0","","42.8","","0","","","","",""
"-118.77","49.00","MIDWAY","1135126","1995-10","1995","10","12.7","","0.0","","6.3","","20.0","","-10.0","","30.0","","0.0","","30.0","","0","","","","",""
"-118.77","49.00","MIDWAY","1135126","1995-11","1995","11","4.7","","-2.9","","0.9","","13.0","","-12.0","","22.0","","35.0","","57.0","","","M","","","",""
"-118.77","49.00","MIDWAY","1135126","1995-12","1995","12","-1.3","","-6.9","","-4.1","","9.0","","-23.0","","6.6","","45.0","","51.6","","","","","","",""
"-118.77","49.00","MIDWAY","1135126","1996-01","1996","01","-3.4","","-10.7","","-7.1","","8.5","","-33.0","","1.6","","40.5","","42.1","","","","","","",""
"-118.77","49.00","MIDWAY","1135126","1996-02","1996","02","1.1","","-9.9","","-4.4","","10.5","","-31.0","","24.4","","23.0","E","47.4","E","","","","","",""
"-118.77","49.00","MIDWAY","1135126","1996-03","1996","03","9.1","","-4.0","","2.6","","16.5","","-12.0","S","12.0","","1.0","","13.0","","0","","","","",""
"-118.77","49.00","MIDWAY","1135126","1996-04","1996","04","15.1","","1.2","","8.2","","25.0","","-6.0","","40.0","","0.0","","40.0","","0","","","","",""
"-118.77","49.00","MIDWAY","1135126","1996-05","1996","05","16.3","","3.5","","9.9","","25.0","S","-4.0","","146.6","","0.0","T","146.6","","0","","","","",""
"-118.77","49.00","MIDWAY","1135126","1996-06","1996","06","23.4","","6.4","","14.9","","30.5","","1.5","","44.4","","0.0","","44.4","","0","","","","",""
"-118.77","49.00","MIDWAY","1135126","1996-07","1996","07","29.6","","9.0","","19.3","","36.0","S","4.0","S","43.8","","0.0","","43.8","","0","","","","",""
"-118.77","49.00","MIDWAY","1135126","1996-08","1996","08","28.8","","7.4","","18.1","","36.5","","3.0","","9.0","","0.0","","9.0","","0","","","","",""
"-118.77","49.00","MIDWAY","1135126","1996-09","1996","09","20.7","","4.0","","12.4","","32.0","","-4.5","","39.2","","0.0","","39.2","","0","","","","",""
"-118.77","49.00","MIDWAY","1135126","1996-10","1996","10","12.5","","0.6","","6.5","","23.5","","-7.0","S","39.2","","0.0","T","39.2","","0","","","","",""
"-118.77","49.00","MIDWAY","1135126","1996-11","1996","11","2.7","","-4.8","","-1.1","","11.0","S","-19.0","","5.6","","50.0","","55.6","","0","","","","",""
"-118.77","49.00","MIDWAY","1135126","1996-12","1996","12","-5.4","","-13.0","","-9.2","","4.5","","-29.0","","5.6","","80.0","","85.6","","","","","","",""
"-118.77","49.00","MIDWAY","1135126","1997-01","1997","01","-1.9","","-10.4","","-6.1","","9.0","S","-25.0","","10.6","","21.0","","31.6","","","","","","",""
"-118.77","49.00","MIDWAY","1135126","1997-02","1997","02","1.6","","-9.4","","-3.9","","10.0","","-22.0","","2.6","","16.0","","18.6","","","","","","",""
"-118.77","49.00","MIDWAY","1135126","1997-03","1997","03","8.2","","-3.5","","2.3","","17.0","","-9.5","","5.2","","36.0","","41.2","","","","","","",""
"-118.77","49.00","MIDWAY","1135126","1997-04","1997","04","13.7","","-0.7","","6.5","","20.0","","-8.0","","39.3","","0.0","T","39.3","","0","","","","",""
"-118.77","49.00","MIDWAY","1135126","1997-05","1997","05","20.5","","5.0","","12.8","","30.0","S","-1.5","","75.8","","0.0","","75.8","","0","","","","",""
"-118.77","49.00","MIDWAY","1135126","1997-06","1997","06","22.7","","7.3","","15.0","","29.5","S","3.5","","106.4","","0.0","","106.4","","0","","","","",""
"-118.77","49.00","MIDWAY","1135126","1997-07","1997","07","27.1","","9.5","","18.3","","37.0","","6.0","S","70.8","","0.0","","70.8","","0","","","","",""
"-118.77","49.00","MIDWAY","1135126","1997-08","1997","08","28.2","","9.8","","19.0","","37.0","","5.5","","18.4","","0.0","","18.4","","0","","","","",""
"-118.77","49.00","MIDWAY","1135126","1997-09","1997","09","22.6","","6.9","","14.8","","32.5","","1.0","","75.6","","0.0","","75.6","","0","","","","",""
"-118.77","49.00","MIDWAY","1135126","1997-10","1997","10","12.8","","1.2","","7.0","","17.5","","-6.0","","31.0","","0.0","","31.0","","0","","","","",""
"-118.77","49.00","MIDWAY","1135126","1997-11","1997","11","5.3","","-2.8","","1.2","","13.0","","-12.0","","14.8","","7.4","","22.2","","0","","","","",""
"-118.77","49.00","MIDWAY","1135126","1997-12","1997","12","0.6","","-5.7","","-2.6","","5.0","","-13.5","","0.0","T","27.0","","27.0","","","M","","","",""
"-118.77","49.00","MIDWAY","1135126","1998-01","1998","01","-0.2","","-7.0","","-3.6","","8.0","","-27.0","","12.8","","57.0","","69.8","","","","","","",""
"-118.77","49.00","MIDWAY","1135126","1998-02","1998","02","5.5","","-1.5","","2.0","","9.0","S","-8.0","","26.8","","10.0","","36.8","","","","","","",""
"-118.77","49.00","MIDWAY","1135126","1998-03","1998","03","10.6","","-0.5","","5.1","","20.0","","-7.0","","46.6","","0.0","T","46.6","","0","","","","",""
"-118.77","49.00","MIDWAY","1135126","1998-04","1998","04","16.6","","0.8","","8.7","","27.5","","-4.0","","52.4","","0.0","","52.4","","0","","","","",""
"-118.77","49.00","MIDWAY","1135126","1998-05","1998","05","22.2","","6.3","","14.3","","30.0","","0.0","","131.6","","0.0","","131.6","","0","","","","",""
"-118.77","49.00","MIDWAY","1135126","1998-06","1998","06","23.8","","9.0","","16.5","","31.5","","5.0","","53.7","","0.0","","53.7","","0","","","","",""
"-118.77","49.00","MIDWAY","1135126","1998-07","1998","07","30.9","","12.2","","21.6","","37.5","","8.0","S","27.4","","0.0","","27.4","","0","","","","",""
"-118.77","49.00","MIDWAY","1135126","1998-08","1998","08","31.5","E","9.6","E","20.6","E","38.0","E","4.0","E","25.2","","0.0","","25.2","","0","","","","",""
"-118.77","49.00","MIDWAY","1135126","1998-09","1998","09","27.6","","5.8","","16.7","","35.0","","1.5","","19.0","","0.0","","19.0","","0","","","","",""
"-118.77","49.00","MIDWAY","1135126","1998-10","1998","10","13.5","","1.1","","7.3","","22.5","","-5.0","S","41.6","","0.0","","41.6","","0","","","","",""
"-118.77","49.00","MIDWAY","1135126","1998-11","1998","11","7.0","","0.2","","3.6","","13.5","","-5.5","","39.0","","7.0","","46.0","","0","","","","",""
"-118.77","49.00","MIDWAY","1135126","1998-12","1998","12","-0.8","","-6.4","","-3.6","","10.0","","-20.5","","15.4","","37.0","","52.4","","","","","","",""
"-118.77","49.00","MIDWAY","1135126","1999-01","1999","01","1.3","","-5.0","","-1.9","","8.0","","-14.5","","1.2","","32.0","","33.2","","","","","","",""
"-118.77","49.00","MIDWAY","1135126","1999-02","1999","02","4.9","","-3.6","","0.7","","11.0","","-11.0","","5.8","","16.0","","21.8","","","","","","",""
"-118.77","49.00","MIDWAY","1135126","1999-03","1999","03","10.6","","-2.4","","4.1","","21.0","","-8.0","","24.3","","3.0","","27.3","","0","","","","",""
"-118.77","49.00","MIDWAY","1135126","1999-04","1999","04","15.9","","-1.0","","7.5","","26.5","","-6.0","S","48.6","","0.0","","48.6","","0","","","","",""
"-118.77","49.00","MIDWAY","1135126","1999-05","1999","05","18.2","E","2.3","","10.3","E","32.5","","-3.0","","56.4","","0.0","T","56.4","","0","","","","",""
"-118.77","49.00","MIDWAY","1135126","1999-06","1999","06","22.8","","6.3","","14.6","","33.0","","1.0","S","40.1","","0.0","","40.1","","0","","","","",""
"-118.77","49.00","MIDWAY","1135126","1999-07","1999","07","26.8","","7.9","","17.3","","35.0","","5.0","S","79.7","","0.0","","79.7","","0","","","","",""
"-118.77","49.00","MIDWAY","1135126","1999-08","1999","08","28.5","","10.6","","19.6","","36.5","","6.0","","67.0","","0.0","","67.0","","0","","","","",""
"-118.77","49.00","MIDWAY","1135126","1999-09","1999","09","23.6","","2.6","","13.1","","32.0","","-6.0","","0.8","","0.0","","0.8","","0","","","","",""
"-118.77","49.00","MIDWAY","1135126","1999-10","1999","10","14.1","","-1.2","","6.5","","22.5","","-8.0","","15.0","","0.0","T","15.0","","0","","","","",""
"-118.77","49.00","MIDWAY","1135126","1999-11","1999","11","7.5","","0.5","","4.0","","16.0","","-9.0","","35.4","","4.2","","39.6","","0","","","","",""
"-118.77","49.00","MIDWAY","1135126","1999-12","1999","12","0.8","","-3.7","","-1.5","","6.5","","-9.0","","7.4","","13.0","","20.4","","","M","","","",""
"-118.77","49.00","MIDWAY","1135126","2000-01","2000","01","-1.6","","-9.1","","-5.3","","3.0","S","-19.0","S","0.0","","46.5","E","46.5","E","","","","","",""
"-118.77","49.00","MIDWAY","1135126","2000-02","2000","02","2.7","","-5.7","","-1.5","","7.0","","-16.0","","21.6","","8.0","","29.6","","","","","","",""
"-118.77","49.00","MIDWAY","1135126","2000-03","2000","03","11.0","","-1.8","","4.6","","19.0","","-6.0","S","40.4","","4.0","","44.4","","0","","","","",""
"-118.77","49.00","MIDWAY","1135126","2000-04","2000","04","17.9","","0.7","","9.4","","24.5","","-6.0","","25.3","","0.0","","25.3","","0","","","","",""
"-118.77","49.00","MIDWAY","1135126","2000-05","2000","05","19.0","","3.2","","11.1","","26.5","","-3.0","","34.4","","0.0","T","34.4","","0","","","","",""
"-118.77","49.00","MIDWAY","1135126","2000-06","2000","06","23.8","","6.2","","15.0","","32.0","S","0.5","","18.8","","0.0","","18.8","","0","","","","",""
"-118.77","49.00","MIDWAY","1135126","2000-07","2000","07","28.5","","8.9","","18.7","","37.5","","4.5","","9.8","","0.0","","9.8","","0","","","","",""
"-118.77","49.00","MIDWAY","1135126","2000-08","2000","08","28.9","","7.5","","18.2","","36.5","","0.0","","11.4","","0.0","","11.4","","0","","","","",""
"-118.77","49.00","MIDWAY","1135126","2000-09","2000","09","21.8","","4.2","","13.0","","30.0","S","-5.0","","29.6","","0.0","","29.6","","0","","","","",""
"-118.77","49.00","MIDWAY","1135126","2000-10","2000","10","14.9","","-0.9","","7.0","","21.5","","-7.0","S","30.1","","0.0","T","30.1","","0","","","","",""
"-118.77","49.00","MIDWAY","1135126","2000-11","2000","11","2.5","","-4.5","","-1.0","","11.0","","-12.5","","8.8","","12.5","","21.3","","","M","","","",""
"-118.77","49.00","MIDWAY","1135126","2000-12","2000","12","-3.6","","-10.1","","-6.9","","2.5","","-22.0","S","0.0","","41.5","","41.5","","","","","","",""
"-118.77","49.00","MIDWAY","1135126","2001-01","2001","01","-1.2","E","-6.6","","-3.9","E","5.0","E","-20.0","","0.0","","17.0","","17.0","","","","","","",""
"-118.77","49.00","MIDWAY","1135126","2001-02","2001","02","2.6","","-8.3","","-2.9","","8.0","S","-20.0","","0.0","","20.0","","20.0","","","","","","",""
"-118.77","49.00","MIDWAY","1135126","2001-03","2001","03","10.4","","-2.3","","4.0","","19.0","","-10.0","","41.6","E","5.5","","47.1","E","0","","","","",""
"-118.77","49.00","MIDWAY","1135126","2001-04","2001","04","14.3","","0.4","","7.4","","26.5","","-5.5","","25.5","","0.0","T","25.5","","0","","","","",""
"-118.77","49.00","MIDWAY","1135126","2001-05","2001","05","21.4","","3.8","","12.6","","33.5","","-3.5","","30.4","","0.0","","30.4","","0","","","","",""
"-118.77","49.00","MIDWAY","1135126","2001-06","2001","06","22.1","E","6.9","E","14.6","E","31.0","B","2.0","E","61.4","","0.0","","61.4","","0","","","","",""
"-118.77","49.00","MIDWAY","1135126","2001-07","2001","07","28.2","","9.9","","19.1","","36.0","","6.0","S","30.6","","0.0","","30.6","","0","","","","",""
"-118.77","49.00","MIDWAY","1135126","2001-08","2001","08","30.0","","9.5","","19.8","","36.5","","5.0","S","8.0","","0.0","","8.0","","0","","","","",""
"-118.77","49.00","MIDWAY","1135126","2001-09","2001","09","25.8","","5.4","","15.6","","34.0","","-0.5","","31.4","","0.0","","31.4","","0","","","","",""
"-118.77","49.00","MIDWAY","1135126","2001-10","2001","10","11.7","","-0.2","","5.8","","22.0","","-5.5","","39.2","","3.0","","42.2","","0","","","","",""
"-118.77","49.00","MIDWAY","1135126","2001-11","2001","11","6.8","","-1.3","","2.8","","13.5","","-7.5","S","19.0","","17.0","","36.0","","","M","","","",""
"-118.77","49.00","MIDWAY","1135126","2001-12","2001","12","0.1","","-6.5","","-3.2","","7.0","","-14.0","","3.0","","42.5","","45.5","","","","","","",""
"-118.77","49.00","MIDWAY","1135126","2002-01","2002","01","0.2","","-5.4","E","-2.6","E","9.0","","-17.0","E","3.6","","25.0","","28.6","","","","","","",""
"-118.77","49.00","MIDWAY","1135126","2002-02","2002","02","4.3","","-6.1","","-0.9","","10.0","","-14.0","","7.6","","4.0","","11.6","","","","","","",""
"-118.77","49.00","MIDWAY","1135126","2002-03","2002","03","6.8","","-4.5","","1.1","","16.5","","-10.5","S","0.0","T","24.0","","24.0","","0","","","","",""
"-118.77","49.00","MIDWAY","1135126","2002-04","2002","04","15.7","E","0.5","","8.1","E","24.5","E","-6.0","S","6.0","","0.0","","6.0","","0","","","","",""
"-118.77","49.00","MIDWAY","1135126","2002-05","2002","05","17.9","","3.9","","10.9","","25.5","","-2.5","","61.0","","0.0","T","61.0","","0","","","","",""
"-118.77","49.00","MIDWAY","1135126","2002-06","2002","06","25.6","","7.7","","16.7","","36.0","","-1.0","","16.6","","0.0","","16.6","","0","","","","",""
"-118.77","49.00","MIDWAY","1135126","2002-07","2002","07","30.7","E","10.4","E","20.5","E","37.5","B","3.0","E","21.2","","0.0","","21.2","","0","","","","",""
"-118.77","49.00","MIDWAY","1135126","2002-08","2002","08","28.9","","8.0","E","18.4","E","35.5","","2.5","E","8.4","","0.0","","8.4","","0","","","","",""
"-118.77","49.00","MIDWAY","1135126","2002-09","2002","09","23.9","","4.2","","14.1","","34.0","","-2.0","","29.0","","0.0","","29.0","","0","","","","",""
"-118.77","49.00","MIDWAY","1135126","2002-10","2002","10","15.8","","-3.5","","6.2","","25.0","","-13.0","S","3.0","","0.0","T","3.0","","0","","","","",""
"-118.77","49.00","MIDWAY","1135126","2002-11","2002","11","6.1","E","-3.5","","1.2","E","12.0","E","-15.0","","26.2","","0.0","","26.2","","0","","","","",""
"-118.77","49.00","MIDWAY","1135126","2002-12","2002","12","2.6","","-2.3","","0.1","","10.0","","-9.0","","37.0","","37.0","","74.0","","","","","","",""
"-118.77","49.00","MIDWAY","1135126","2003-01","2003","01","0.9","","-3.4","","-1.3","","7.0","S","-11.0","","8.4","","36.0","","44.4","","","","","","",""
"-118.77","49.00","MIDWAY","1135126","2003-02","2003","02","5.7","","-5.9","","-0.1","","9.5","","-14.0","","11.8","","3.0","","14.8","","","M","","","",""
"-118.77","49.00","MIDWAY","1135126","2003-03","2003","03","11.5","","-1.7","","4.9","","20.0","S","-10.0","","14.6","","18.0","","32.6","","0","","","","",""
"-118.77","49.00","MIDWAY","1135126","2003-04","2003","04","15.0","","1.7","","8.3","","24.0","","-3.0","S","69.0","","13.0","","82.0","","0","","","","",""
"-118.77","49.00","MIDWAY","1135126","2003-05","2003","05","19.3","","4.2","","11.8","","31.0","","-2.0","","48.6","","0.0","","48.6","","0","","","","",""
"-118.77","49.00","MIDWAY","1135126","2003-06","2003","06","26.6","","7.8","","17.2","","34.0","","3.5","S","32.8","","0.0","","32.8","","0","","","","",""
"-118.77","49.00","MIDWAY","1135126","2003-07","2003","07","31.9","","9.4","","20.7","","37.5","S","4.0","","0.0","T","0.0","","0.0","T","0","","","","",""
"-118.77","49.00","MIDWAY","1135126","2003-08","2003","08","30.3","","9.0","","19.7","","37.0","","5.5","S","2.6","","0.0","","2.6","","0","","","","",""
"-118.77","49.00","MIDWAY","1135126","2003-09","2003","09","25.0","","5.4","","15.2","","35.5","","0.5","","16.6","","0.0","","16.6","","0","","","","",""
"-118.77","49.00","MIDWAY","1135126","2003-10","2003","10","17.8","","2.2","","10.0","","29.0","S","-11.0","","21.0","","0.0","T","21.0","","0","","","","",""
"-118.77","49.00","MIDWAY","1135126","2003-11","2003","11","3.0","","-6.6","","-1.8","","9.0","","-17.5","","19.5","","2.0","","21.5","","0","","","","",""
"-118.77","49.00","MIDWAY","1135126","2003-12","2003","12","-0.3","","-6.4","","-3.4","","8.0","","-19.5","","6.0","","41.0","","47.0","","","","","","",""
"-118.77","49.00","MIDWAY","1135126","2004-01","2004","01","-1.9","","-7.7","","-4.8","","7.0","","-31.0","","15.2","","45.0","","60.2","","","","","","",""
"-118.77","49.00","MIDWAY","1135126","2004-02","2004","02","4.2","","-4.7","","-0.2","","9.5","S","-13.5","","17.8","","8.0","","25.8","","0","","","","",""
"-118.77","49.00","MIDWAY","1135126","2004-03","2004","03","13.8","","-1.7","","6.1","","23.0","","-7.0","","18.0","","8.0","","26.0","","0","","","","",""
"-118.77","49.00","MIDWAY","1135126","2004-04","2004","04","19.3","","0.7","","10.0","","27.5","","-4.0","","42.6","","0.0","","42.6","","0","","","","",""
"-118.77","49.00","MIDWAY","1135126","2004-05","2004","05","20.4","","4.2","","12.3","","28.0","","-0.5","","125.4","","0.0","","125.4","","0","","","","",""
"-118.77","49.00","MIDWAY","1135126","2004-06","2004","06","25.9","","8.3","","17.1","","37.0","","2.0","","48.3","","0.0","","48.3","","0","","","","",""
"-118.77","49.00","MIDWAY","1135126","2004-07","2004","07","30.5","E","10.3","","20.3","E","36.0","E","5.0","","1.5","I","0.0","","1.5","I","0","","","","",""
"-118.77","49.00","MIDWAY","1135126","2004-08","2004","08","29.0","","12.2","","20.6","","37.5","","9.0","S","89.6","","0.0","","89.6","","0","","","","",""
"-118.77","49.00","MIDWAY","1135126","2004-09","2004","09","21.6","","5.7","","13.7","","27.5","S","0.0","","36.2","","0.0","","36.2","","0","","","","",""
"-118.77","49.00","MIDWAY","1135126","2004-10","2004","10","14.9","","1.3","","8.1","","24.5","","-6.0","","37.0","","3.0","","40.0","","0","","","","",""
"-118.77","49.00","MIDWAY","1135126","2004-11","2004","11","5.3","","-1.9","","1.7","","9.5","S","-9.0","","11.0","E","12.0","","23.0","E","","M","","","",""
"-118.77","49.00","MIDWAY","1135126","2004-12","2004","12","0.8","","-4.1","","-1.7","","5.5","S","-11.5","","0.6","","34.5","","35.1","","","","","","",""
"-118.77","49.00","MIDWAY","1135126","2005-01","2005","01","-2.5","","-8.0","","-5.3","","6.0","","-27.5","","14.2","","29.0","","43.2","","0","","","","",""
"-118.77","49.00","MIDWAY","1135126","2005-02","2005","02","5.6","","-7.8","","-1.1","","12.5","","-12.0","S","3.8","","0.0","T","3.8","","0","","","","",""
"-118.77","49.00","MIDWAY","1135126","2005-03","2005","03","12.0","","-1.8","","5.1","","19.5","","-5.5","S","26.6","","7.0","","33.6","","0","","","","",""
"-118.77","49.00","MIDWAY","1135126","2005-04","2005","04","17.4","","0.6","","9.0","","29.5","","-4.0","S","39.2","","0.0","T","39.2","","0","","","","",""
"-118.77","49.00","MIDWAY","1135126","2005-05","2005","05","22.1","","5.5","","13.8","","32.0","S","-2.0","","69.7","","0.0","","69.7","","0","","","","",""
"-118.77","49.00","MIDWAY","1135126","2005-06","2005","06","22.4","","8.8","","15.6","","35.0","","5.0","","90.5","","0.0","","90.5","","0","","","","",""
"-118.77","49.00","MIDWAY","1135126","2005-07","2005","07","28.9","","9.7","","19.3","","35.5","","6.0","","23.8","","0.0","","23.8","","0","","","","",""
"-118.77","49.00","MIDWAY","1135126","2005-08","2005","08","29.7","","8.1","","19.0","","35.5","","3.5","","2.6","","0.0","","2.6","","0","","","","",""
"-118.77","49.00","MIDWAY","1135126","2005-09","2005","09","22.4","","4.7","","13.5","","30.0","","-2.0","","15.4","","0.0","","15.4","","0","","","","",""
"-118.77","49.00","MIDWAY","1135126","2005-10","2005","10","13.5","","2.4","","8.0","","19.5","S","-4.5","","38.8","","0.0","","38.8","","","M","","","",""
"-118.77","49.00","MIDWAY","1135126","2005-11","2005","11","3.3","I","-1.8","","0.6","I","11.0","I","-12.0","","3.0","I","25.5","","28.5","I","","M","","","",""
"-118.77","49.00","MIDWAY","1135126","2005-12","2005","12","-3.6","","-10.4","","-7.0","","5.0","","-24.0","","14.2","","25.0","","39.2","","","","","","",""
"-118.77","49.00","MIDWAY","1135126","2006-01","2006","01","3.3","","-2.3","","0.5","","9.5","","-6.0","","27.6","","23.0","","50.6","","","M","","","",""
"-118.77","49.00","MIDWAY","1135126","2006-02","2006","02","4.0","","-7.8","","-1.9","","11.0","","-18.0","","24.1","","4.5","","28.6","","0","","","","",""
"-118.77","49.00","MIDWAY","1135126","2006-03","2006","03","10.2","","-2.5","","3.8","","17.5","","-9.0","S","14.2","","7.0","","21.2","","0","","","","",""
"-118.77","49.00","MIDWAY","1135126","2006-04","2006","04","16.2","","0.9","","8.6","","26.5","","-5.0","S","90.4","","0.0","T","90.4","","0","","","","",""
"-118.77","49.00","MIDWAY","1135126","2006-05","2006","05","21.7","","4.1","","12.9","","35.0","","-4.0","","73.4","","0.0","","73.4","","0","","","","",""
"-118.77","49.00","MIDWAY","1135126","2006-06","2006","06","22.9","I","9.8","I","16.5","I","37.0","I","6.0","I","48.6","","0.0","","48.6","","0","","","","",""
"-118.77","49.00","MIDWAY","1135126","2006-07","2006","07","30.8","","11.2","","21.0","","38.0","S","3.5","","30.8","","0.0","","30.8","","0","","","","",""
"-118.77","49.00","MIDWAY","1135126","2006-08","2006","08","28.7","","7.4","","18.1","","34.0","S","2.5","","2.4","","0.0","","2.4","","0","","","","",""
"-118.77","49.00","MIDWAY","1135126","2006-09","2006","09","25.4","","4.8","","15.2","","35.0","","-1.5","","10.6","","0.0","","10.6","","0","","","","",""
"-118.77","49.00","MIDWAY","1135126","2006-10","2006","10","17.8","I","1.4","I","9.9","I","25.0","I","-9.5","I","0.6","I","0.0","","0.6","I","0","","","","",""
"-118.77","49.00","MIDWAY","1135126","2006-11","2006","11","3.9","","-4.6","","-0.4","","12.0","S","-26.0","","22.0","","35.8","","57.8","","","M","","","",""
"-118.77","49.00","MIDWAY","1135126","2006-12","2006","12","-1.3","","-9.6","","-5.5","","6.5","","-20.5","","8.6","","44.5","","53.1","","","","","","",""
"-118.77","49.00","MIDWAY","1135126","2007-01","2007","01","-2.6","","-11.9","","-7.3","","6.0","","-25.0","","0.4","","23.5","","23.9","","27","","","","",""
"-118.77","49.00","MIDWAY","1135126","2007-02","2007","02","3.8","","-4.5","","-0.4","","8.0","S","-20.0","","13.4","","29.5","","42.9","","","M","","","",""
